PassengerId,Actual,Predicted,Survival_Probability,Is_Correct,Result,Result_Order,Actual_Label,Predicted_Label
1,0,0,0.1407,1,True Negative,1,Died,Died
2,1,1,0.9312,1,True Positive,4,Survived,Survived
3,1,1,0.6509,1,True Positive,4,Survived,Survived
4,1,1,0.8874,1,True Positive,4,Survived,Survived
5,0,0,0.1393,1,True Negative,1,Died,Died
6,0,0,0.1003,1,True Negative,1,Died,Died
7,0,0,0.2419,1,True Negative,1,Died,Died
8,0,0,0.2165,1,True Negative,1,Died,Died
9,1,1,0.701,1,True Positive,4,Survived,Survived
10,1,1,0.7598,1,True Positive,4,Survived,Survived
11,1,1,0.7741,1,True Positive,4,Survived,Survived
12,1,1,0.8474,1,True Positive,4,Survived,Survived
13,0,0,0.13,1,True Negative,1,Died,Died
14,0,0,0.0641,1,True Negative,1,Died,Died
15,0,1,0.6639,0,False Positive,2,Died,Survived
16,1,1,0.8156,1,True Positive,4,Survived,Survived
17,0,0,0.1664,1,True Negative,1,Died,Died
18,1,0,0.1383,0,False Negative,3,Survived,Died
19,0,0,0.4173,1,True Negative,1,Died,Died
20,1,1,0.687,1,True Positive,4,Survived,Survived
21,0,0,0.1846,1,True Negative,1,Died,Died
22,1,0,0.1232,0,False Negative,3,Survived,Died
23,1,1,0.6493,1,True Positive,4,Survived,Survived
24,1,0,0.2811,0,False Negative,3,Survived,Died
25,0,0,0.1164,1,True Negative,1,Died,Died
26,1,1,0.5375,1,True Positive,4,Survived,Survived
27,0,0,0.1261,1,True Negative,1,Died,Died
28,0,0,0.3115,1,True Negative,1,Died,Died
29,1,1,0.6542,1,True Positive,4,Survived,Survived
30,0,0,0.1195,1,True Negative,1,Died,Died
31,0,0,0.4552,1,True Negative,1,Died,Died
32,1,1,0.9312,1,True Positive,4,Survived,Survived
33,1,1,0.6542,1,True Positive,4,Survived,Survived
34,0,0,0.1273,1,True Negative,1,Died,Died
35,0,0,0.385,1,True Negative,1,Died,Died
36,0,0,0.4225,1,True Negative,1,Died,Died
37,1,0,0.0931,0,False Negative,3,Survived,Died
38,0,0,0.1087,1,True Negative,1,Died,Died
39,0,0,0.3519,1,True Negative,1,Died,Died
40,1,1,0.7947,1,True Positive,4,Survived,Survived
41,0,1,0.6972,0,False Positive,2,Died,Survived
42,0,1,0.7361,0,False Positive,2,Died,Survived
43,0,0,0.1287,1,True Negative,1,Died,Died
44,1,1,0.9153,1,True Positive,4,Survived,Survived
45,1,1,0.6925,1,True Positive,4,Survived,Survived
46,0,0,0.1341,1,True Negative,1,Died,Died
47,0,0,0.1662,1,True Negative,1,Died,Died
48,1,1,0.6489,1,True Positive,4,Survived,Survived
49,0,0,0.1485,1,True Negative,1,Died,Died
50,0,0,0.3122,1,True Negative,1,Died,Died
51,0,0,0.1337,1,True Negative,1,Died,Died
52,0,0,0.0895,1,True Negative,1,Died,Died
53,1,1,0.9495,1,True Positive,4,Survived,Survived
54,1,1,0.8915,1,True Positive,4,Survived,Survived
55,0,0,0.3554,1,True Negative,1,Died,Died
56,1,0,0.3011,0,False Negative,3,Survived,Died
57,1,1,0.8061,1,True Positive,4,Survived,Survived
58,0,0,0.1287,1,True Negative,1,Died,Died
59,1,1,0.8378,1,True Positive,4,Survived,Survived
60,0,0,0.153,1,True Negative,1,Died,Died
61,0,0,0.1287,1,True Negative,1,Died,Died
62,1,1,0.9057,1,True Positive,4,Survived,Survived
63,0,0,0.3527,1,True Negative,1,Died,Died
64,0,0,0.1146,1,True Negative,1,Died,Died
65,0,0,0.2914,1,True Negative,1,Died,Died
66,1,1,0.6303,1,True Positive,4,Survived,Survived
67,1,1,0.8155,1,True Positive,4,Survived,Survived
68,0,0,0.13,1,True Negative,1,Died,Died
69,1,1,0.5787,1,True Positive,4,Survived,Survived
70,0,0,0.1201,1,True Negative,1,Died,Died
71,0,0,0.1232,1,True Negative,1,Died,Died
72,0,0,0.1299,1,True Negative,1,Died,Died
73,0,0,0.2578,1,True Negative,1,Died,Died
74,0,0,0.1633,1,True Negative,1,Died,Died
75,1,0,0.1592,0,False Negative,3,Survived,Died
76,0,0,0.1144,1,True Negative,1,Died,Died
77,0,0,0.0895,1,True Negative,1,Died,Died
78,0,0,0.1393,1,True Negative,1,Died,Died
79,1,1,0.757,1,True Positive,4,Survived,Survived
80,1,1,0.5984,1,True Positive,4,Survived,Survived
81,0,0,0.1087,1,True Negative,1,Died,Died
82,1,0,0.1087,0,False Negative,3,Survived,Died
83,1,1,0.6925,1,True Positive,4,Survived,Survived
84,0,0,0.299,1,True Negative,1,Died,Died
85,1,1,0.8013,1,True Positive,4,Survived,Survived
86,1,0,0.2949,0,False Negative,3,Survived,Died
87,0,0,0.1151,1,True Negative,1,Died,Died
88,0,0,0.1087,1,True Negative,1,Died,Died
89,1,1,0.8724,1,True Positive,4,Survived,Survived
90,0,0,0.1393,1,True Negative,1,Died,Died
91,0,0,0.1317,1,True Negative,1,Died,Died
92,0,0,0.1133,1,True Negative,1,Died,Died
93,0,0,0.3814,1,True Negative,1,Died,Died
94,0,0,0.18,1,True Negative,1,Died,Died
95,0,0,0.1078,1,True Negative,1,Died,Died
96,0,0,0.1393,1,True Negative,1,Died,Died
97,0,0,0.3079,1,True Negative,1,Died,Died
98,1,0,0.2618,0,False Negative,3,Survived,Died
99,1,1,0.9135,1,True Positive,4,Survived,Survived
100,0,0,0.1687,1,True Negative,1,Died,Died
101,0,1,0.6307,0,False Positive,2,Died,Survived
102,0,0,0.0967,1,True Negative,1,Died,Died
103,0,0,0.3079,1,True Negative,1,Died,Died
104,0,0,0.1087,1,True Negative,1,Died,Died
105,0,0,0.0823,1,True Negative,1,Died,Died
106,0,0,0.1133,1,True Negative,1,Died,Died
107,1,1,0.6307,1,True Positive,4,Survived,Survived
108,1,0,0.1144,0,False Negative,3,Survived,Died
109,0,0,0.0895,1,True Negative,1,Died,Died
110,1,0,0.3976,0,False Negative,3,Survived,Died
111,0,0,0.299,1,True Negative,1,Died,Died
112,0,0,0.4072,1,True Negative,1,Died,Died
113,0,0,0.1393,1,True Negative,1,Died,Died
114,0,0,0.3108,1,True Negative,1,Died,Died
115,0,1,0.7238,0,False Positive,2,Died,Survived
116,0,0,0.1393,1,True Negative,1,Died,Died
117,0,0,0.1098,1,True Negative,1,Died,Died
118,0,0,0.1454,1,True Negative,1,Died,Died
119,0,0,0.3904,1,True Negative,1,Died,Died
120,0,0,0.1239,1,True Negative,1,Died,Died
121,0,0,0.1883,1,True Negative,1,Died,Died
122,0,0,0.13,1,True Negative,1,Died,Died
123,0,0,0.2129,1,True Negative,1,Died,Died
124,1,1,0.8239,1,True Positive,4,Survived,Survived
125,0,0,0.3011,1,True Negative,1,Died,Died
126,1,1,0.7174,1,True Positive,4,Survived,Survived
127,0,0,0.0863,1,True Negative,1,Died,Died
128,1,0,0.1133,0,False Negative,3,Survived,Died
129,1,1,0.7683,1,True Positive,4,Survived,Survived
130,0,0,0.1136,1,True Negative,1,Died,Died
131,0,0,0.1261,1,True Negative,1,Died,Died
132,0,0,0.0895,1,True Negative,1,Died,Died
133,0,1,0.6647,0,False Positive,2,Died,Survived
134,1,1,0.8695,1,True Positive,4,Survived,Survived
135,0,0,0.1383,1,True Negative,1,Died,Died
136,0,0,0.1967,1,True Negative,1,Died,Died
137,1,1,0.8867,1,True Positive,4,Survived,Survived
138,0,0,0.3425,1,True Negative,1,Died,Died
139,0,0,0.1174,1,True Negative,1,Died,Died
140,0,0,0.323,1,True Negative,1,Died,Died
141,0,0,0.4453,1,True Negative,1,Died,Died
142,1,1,0.6119,1,True Positive,4,Survived,Survived
143,1,0,0.3647,0,False Negative,3,Survived,Died
144,0,0,0.1291,1,True Negative,1,Died,Died
145,0,0,0.141,1,True Negative,1,Died,Died
146,0,0,0.1988,1,True Negative,1,Died,Died
147,1,0,0.0895,0,False Negative,3,Survived,Died
148,0,0,0.1177,1,True Negative,1,Died,Died
149,0,0,0.1878,1,True Negative,1,Died,Died
150,0,0,0.3222,1,True Negative,1,Died,Died
151,0,0,0.304,1,True Negative,1,Died,Died
152,1,1,0.8296,1,True Positive,4,Survived,Survived
153,0,0,0.1341,1,True Negative,1,Died,Died
154,0,0,0.1496,1,True Negative,1,Died,Died
155,0,0,0.1133,1,True Negative,1,Died,Died
156,0,0,0.3316,1,True Negative,1,Died,Died
157,1,1,0.7244,1,True Positive,4,Survived,Survived
158,0,0,0.1087,1,True Negative,1,Died,Died
159,0,0,0.1341,1,True Negative,1,Died,Died
160,0,0,0.1078,1,True Negative,1,Died,Died
161,0,0,0.1483,1,True Negative,1,Died,Died
162,1,1,0.8775,1,True Positive,4,Survived,Survived
163,0,0,0.1133,1,True Negative,1,Died,Died
164,0,0,0.0969,1,True Negative,1,Died,Died
165,0,0,0.1533,1,True Negative,1,Died,Died
166,1,1,0.5493,1,True Positive,4,Survived,Survived
167,1,1,0.925,1,True Positive,4,Survived,Survived
168,0,0,0.1639,1,True Negative,1,Died,Died
169,0,0,0.3222,1,True Negative,1,Died,Died
170,0,0,0.1592,1,True Negative,1,Died,Died
171,0,0,0.2983,1,True Negative,1,Died,Died
172,0,0,0.1654,1,True Negative,1,Died,Died
173,1,1,0.7904,1,True Positive,4,Survived,Survived
174,0,0,0.1317,1,True Negative,1,Died,Died
175,0,0,0.2937,1,True Negative,1,Died,Died
176,0,0,0.1138,1,True Negative,1,Died,Died
177,0,0,0.1199,1,True Negative,1,Died,Died
178,0,1,0.8991,0,False Positive,2,Died,Survived
179,0,0,0.1322,1,True Negative,1,Died,Died
180,0,0,0.1195,1,True Negative,1,Died,Died
181,0,0,0.1349,1,True Negative,1,Died,Died
182,0,0,0.1568,1,True Negative,1,Died,Died
183,0,1,0.6436,0,False Positive,2,Died,Survived
184,1,1,0.7948,1,True Positive,4,Survived,Survived
185,1,1,0.7268,1,True Positive,4,Survived,Survived
186,0,0,0.2811,1,True Negative,1,Died,Died
187,1,0,0.4806,0,False Negative,3,Survived,Died
188,1,0,0.2689,0,False Negative,3,Survived,Died
189,0,0,0.1036,1,True Negative,1,Died,Died
190,0,0,0.0895,1,True Negative,1,Died,Died
191,1,1,0.8285,1,True Positive,4,Survived,Survived
192,0,0,0.1388,1,True Negative,1,Died,Died
193,1,1,0.6155,1,True Positive,4,Survived,Survived
194,1,1,0.6733,1,True Positive,4,Survived,Survived
195,1,1,0.903,1,True Positive,4,Survived,Survived
196,1,1,0.9048,1,True Positive,4,Survived,Survived
197,0,0,0.115,1,True Negative,1,Died,Died
198,0,0,0.1082,1,True Negative,1,Died,Died
199,1,1,0.6542,1,True Positive,4,Survived,Survived
200,0,1,0.8435,0,False Positive,2,Died,Survived
201,0,0,0.1087,1,True Negative,1,Died,Died
202,0,0,0.1078,1,True Negative,1,Died,Died
203,0,0,0.1144,1,True Negative,1,Died,Died
204,0,0,0.1246,1,True Negative,1,Died,Died
205,1,0,0.115,0,False Negative,3,Survived,Died
206,0,0,0.303,1,True Negative,1,Died,Died
207,0,0,0.1805,1,True Negative,1,Died,Died
208,1,0,0.1518,0,False Negative,3,Survived,Died
209,1,1,0.6344,1,True Positive,4,Survived,Survived
210,1,0,0.3416,0,False Negative,3,Survived,Died
211,0,0,0.0967,1,True Negative,1,Died,Died
212,1,1,0.865,1,True Positive,4,Survived,Survived
213,0,0,0.1144,1,True Negative,1,Died,Died
214,0,0,0.1383,1,True Negative,1,Died,Died
215,0,0,0.132,1,True Negative,1,Died,Died
216,1,1,0.9218,1,True Positive,4,Survived,Survived
217,1,1,0.5984,1,True Positive,4,Survived,Survived
218,0,0,0.1702,1,True Negative,1,Died,Died
219,1,1,0.9345,1,True Positive,4,Survived,Survived
220,0,0,0.1846,1,True Negative,1,Died,Died
221,1,0,0.1349,0,False Negative,3,Survived,Died
222,0,0,0.1322,1,True Negative,1,Died,Died
223,0,0,0.1286,1,True Negative,1,Died,Died
224,0,0,0.0895,1,True Negative,1,Died,Died
225,1,0,0.3527,0,False Negative,3,Survived,Died
226,0,0,0.1087,1,True Negative,1,Died,Died
227,1,0,0.1388,0,False Negative,3,Survived,Died
228,0,0,0.1136,1,True Negative,1,Died,Died
229,0,0,0.1396,1,True Negative,1,Died,Died
230,0,0,0.1464,1,True Negative,1,Died,Died
231,1,1,0.7957,1,True Positive,4,Survived,Survived
232,0,0,0.0895,1,True Negative,1,Died,Died
233,0,0,0.1341,1,True Negative,1,Died,Died
234,1,1,0.5283,1,True Positive,4,Survived,Survived
235,0,0,0.1388,1,True Negative,1,Died,Died
236,0,1,0.6797,0,False Positive,2,Died,Survived
237,0,0,0.1731,1,True Negative,1,Died,Died
238,1,1,0.9064,1,True Positive,4,Survived,Survived
239,0,0,0.1542,1,True Negative,1,Died,Died
240,0,0,0.1232,1,True Negative,1,Died,Died
241,0,0,0.3868,1,True Negative,1,Died,Died
242,1,1,0.7593,1,True Positive,4,Survived,Survived
243,0,0,0.1388,1,True Negative,1,Died,Died
244,0,0,0.1136,1,True Negative,1,Died,Died
245,0,0,0.1287,1,True Negative,1,Died,Died
246,0,1,0.6127,0,False Positive,2,Died,Survived
247,0,1,0.6797,0,False Positive,2,Died,Survived
248,1,1,0.919,1,True Positive,4,Survived,Survived
249,1,0,0.3176,0,False Negative,3,Survived,Died
250,0,0,0.4174,1,True Negative,1,Died,Died
251,0,0,0.1136,1,True Negative,1,Died,Died
252,0,0,0.4068,1,True Negative,1,Died,Died
253,0,0,0.2516,1,True Negative,1,Died,Died
254,0,0,0.1194,1,True Negative,1,Died,Died
255,0,0,0.419,1,True Negative,1,Died,Died
256,1,1,0.7093,1,True Positive,4,Survived,Survived
257,1,1,0.928,1,True Positive,4,Survived,Survived
258,1,1,0.9349,1,True Positive,4,Survived,Survived
259,1,1,0.9273,1,True Positive,4,Survived,Survived
260,1,1,0.8695,1,True Positive,4,Survived,Survived
261,0,0,0.0863,1,True Negative,1,Died,Died
262,1,0,0.3499,0,False Negative,3,Survived,Died
263,0,0,0.3868,1,True Negative,1,Died,Died
264,0,0,0.208,1,True Negative,1,Died,Died
265,0,1,0.6925,0,False Positive,2,Died,Survived
266,0,0,0.1232,1,True Negative,1,Died,Died
267,0,0,0.0917,1,True Negative,1,Died,Died
268,1,0,0.0891,0,False Negative,3,Survived,Died
269,1,1,0.7924,1,True Positive,4,Survived,Survived
270,1,1,0.9219,1,True Positive,4,Survived,Survived
271,0,0,0.3526,1,True Negative,1,Died,Died
272,1,0,0.1136,0,False Negative,3,Survived,Died
273,1,1,0.8855,1,True Positive,4,Survived,Survived
274,0,0,0.2729,1,True Negative,1,Died,Died
275,1,1,0.6925,1,True Positive,4,Survived,Survived
276,1,1,0.8913,1,True Positive,4,Survived,Survived
277,0,1,0.6797,0,False Positive,2,Died,Survived
278,0,0,0.1134,1,True Negative,1,Died,Died
279,0,0,0.1654,1,True Negative,1,Died,Died
280,1,0,0.3454,0,False Negative,3,Survived,Died
281,0,0,0.1198,1,True Negative,1,Died,Died
282,0,0,0.0967,1,True Negative,1,Died,Died
283,0,0,0.1349,1,True Negative,1,Died,Died
284,1,0,0.1087,0,False Negative,3,Survived,Died
285,0,0,0.3518,1,True Negative,1,Died,Died
286,0,0,0.1588,1,True Negative,1,Died,Died
287,1,0,0.1393,0,False Negative,3,Survived,Died
288,0,0,0.1144,1,True Negative,1,Died,Died
289,1,0,0.1322,0,False Negative,3,Survived,Died
290,1,1,0.6489,1,True Positive,4,Survived,Survived
291,1,1,0.9057,1,True Positive,4,Survived,Survived
292,1,1,0.96,1,True Positive,4,Survived,Survived
293,0,0,0.129,1,True Negative,1,Died,Died
294,0,1,0.5984,0,False Positive,2,Died,Survived
295,0,0,0.1136,1,True Negative,1,Died,Died
296,0,0,0.3545,1,True Negative,1,Died,Died
297,0,0,0.1261,1,True Negative,1,Died,Died
298,0,1,0.9556,0,False Positive,2,Died,Survived
299,1,0,0.3526,0,False Negative,3,Survived,Died
300,1,1,0.8607,1,True Positive,4,Survived,Survived
301,1,1,0.7591,1,True Positive,4,Survived,Survived
302,1,0,0.1877,0,False Negative,3,Survived,Died
303,0,0,0.0967,1,True Negative,1,Died,Died
304,1,1,0.8082,1,True Positive,4,Survived,Survived
305,0,0,0.1341,1,True Negative,1,Died,Died
306,1,1,0.6779,1,True Positive,4,Survived,Survived
307,1,1,0.9345,1,True Positive,4,Survived,Survived
308,1,1,0.9054,1,True Positive,4,Survived,Survived
309,0,0,0.2138,1,True Negative,1,Died,Died
310,1,1,0.9201,1,True Positive,4,Survived,Survived
311,1,1,0.9273,1,True Positive,4,Survived,Survived
312,1,1,0.9129,1,True Positive,4,Survived,Survived
313,0,1,0.9036,0,False Positive,2,Died,Survived
314,0,0,0.1133,1,True Negative,1,Died,Died
315,0,0,0.1786,1,True Negative,1,Died,Died
316,1,1,0.6307,1,True Positive,4,Survived,Survived
317,1,1,0.6839,1,True Positive,4,Survived,Survived
318,0,0,0.3297,1,True Negative,1,Died,Died
319,1,1,0.9465,1,True Positive,4,Survived,Survived
320,1,1,0.9317,1,True Positive,4,Survived,Survived
321,0,0,0.1144,1,True Negative,1,Died,Died
322,0,0,0.0895,1,True Negative,1,Died,Died
323,1,1,0.819,1,True Positive,4,Survived,Survived
324,1,1,0.8876,1,True Positive,4,Survived,Survived
325,0,0,0.0914,1,True Negative,1,Died,Died
326,1,1,0.9201,1,True Positive,4,Survived,Survived
327,0,0,0.0853,1,True Negative,1,Died,Died
328,1,1,0.8044,1,True Positive,4,Survived,Survived
329,1,1,0.6631,1,True Positive,4,Survived,Survived
330,1,1,0.9481,1,True Positive,4,Survived,Survived
331,1,1,0.8109,1,True Positive,4,Survived,Survived
332,0,0,0.3016,1,True Negative,1,Died,Died
333,0,0,0.3425,1,True Negative,1,Died,Died
334,0,0,0.0855,1,True Negative,1,Died,Died
335,1,1,0.9181,1,True Positive,4,Survived,Survived
336,0,0,0.1136,1,True Negative,1,Died,Died
337,0,0,0.4225,1,True Negative,1,Died,Died
338,1,1,0.9201,1,True Positive,4,Survived,Survived
339,1,0,0.13,0,False Negative,3,Survived,Died
340,0,0,0.3466,1,True Negative,1,Died,Died
341,1,1,0.6733,1,True Positive,4,Survived,Survived
342,1,1,0.8801,1,True Positive,4,Survived,Survived
343,0,0,0.1542,1,True Negative,1,Died,Died
344,0,0,0.1232,1,True Negative,1,Died,Died
345,0,0,0.1542,1,True Negative,1,Died,Died
346,1,1,0.8435,1,True Positive,4,Survived,Survived
347,1,1,0.7988,1,True Positive,4,Survived,Survived
348,1,1,0.7053,1,True Positive,4,Survived,Survived
349,1,1,0.7235,1,True Positive,4,Survived,Survived
350,0,0,0.1341,1,True Negative,1,Died,Died
351,0,0,0.1317,1,True Negative,1,Died,Died
352,0,0,0.3466,1,True Negative,1,Died,Died
353,0,0,0.0727,1,True Negative,1,Died,Died
354,0,0,0.1058,1,True Negative,1,Died,Died
355,0,0,0.1334,1,True Negative,1,Died,Died
356,0,0,0.13,1,True Negative,1,Died,Died
357,1,1,0.9001,1,True Positive,4,Survived,Survived
358,0,1,0.8486,0,False Positive,2,Died,Survived
359,1,1,0.6489,1,True Positive,4,Survived,Survived
360,1,1,0.7283,1,True Positive,4,Survived,Survived
361,0,0,0.0374,1,True Negative,1,Died,Died
362,0,0,0.1687,1,True Negative,1,Died,Died
363,0,0,0.4119,1,True Negative,1,Died,Died
364,0,0,0.0895,1,True Negative,1,Died,Died
365,0,0,0.2247,1,True Negative,1,Died,Died
366,0,0,0.0895,1,True Negative,1,Died,Died
367,1,1,0.9144,1,True Positive,4,Survived,Survived
368,1,1,0.6491,1,True Positive,4,Survived,Survived
369,1,1,0.7283,1,True Positive,4,Survived,Survived
370,1,1,0.9374,1,True Positive,4,Survived,Survived
371,1,0,0.2618,0,False Negative,3,Survived,Died
372,0,0,0.1471,1,True Negative,1,Died,Died
373,0,0,0.1317,1,True Negative,1,Died,Died
374,0,0,0.3045,1,True Negative,1,Died,Died
375,0,0,0.1317,1,True Negative,1,Died,Died
376,1,1,0.8607,1,True Positive,4,Survived,Survived
377,1,1,0.6254,1,True Positive,4,Survived,Survived
378,0,0,0.4135,1,True Negative,1,Died,Died
379,0,0,0.1334,1,True Negative,1,Died,Died
380,0,0,0.0895,1,True Negative,1,Died,Died
381,1,1,0.9273,1,True Positive,4,Survived,Survived
382,1,1,0.8092,1,True Positive,4,Survived,Survived
383,0,0,0.1393,1,True Negative,1,Died,Died
384,1,1,0.7957,1,True Positive,4,Survived,Survived
385,0,0,0.0895,1,True Negative,1,Died,Died
386,0,0,0.1808,1,True Negative,1,Died,Died
387,0,0,0.1174,1,True Negative,1,Died,Died
388,1,1,0.8435,1,True Positive,4,Survived,Survived
389,0,0,0.1291,1,True Negative,1,Died,Died
390,1,1,0.8362,1,True Positive,4,Survived,Survived
391,1,0,0.2707,0,False Negative,3,Survived,Died
392,1,0,0.0895,0,False Negative,3,Survived,Died
393,0,0,0.0894,1,True Negative,1,Died,Died
394,1,1,0.9218,1,True Positive,4,Survived,Survived
395,1,1,0.7895,1,True Positive,4,Survived,Survived
396,0,0,0.1144,1,True Negative,1,Died,Died
397,0,0,0.4087,1,True Negative,1,Died,Died
398,0,0,0.1857,1,True Negative,1,Died,Died
399,0,0,0.3222,1,True Negative,1,Died,Died
400,1,1,0.8285,1,True Positive,4,Survived,Survived
401,1,0,0.1341,0,False Negative,3,Survived,Died
402,0,0,0.13,1,True Negative,1,Died,Died
403,0,0,0.3698,1,True Negative,1,Died,Died
404,0,0,0.1929,1,True Negative,1,Died,Died
405,0,0,0.3042,1,True Negative,1,Died,Died
406,0,0,0.1768,1,True Negative,1,Died,Died
407,0,0,0.1078,1,True Negative,1,Died,Died
408,1,1,0.7927,1,True Positive,4,Survived,Survived
409,0,0,0.1195,1,True Negative,1,Died,Died
410,0,0,0.1323,1,True Negative,1,Died,Died
411,0,0,0.1195,1,True Negative,1,Died,Died
412,0,0,0.1174,1,True Negative,1,Died,Died
413,1,1,0.8754,1,True Positive,4,Survived,Survived
414,0,0,0.1106,1,True Negative,1,Died,Died
415,1,0,0.1087,0,False Negative,3,Survived,Died
416,0,1,0.6638,0,False Positive,2,Died,Survived
417,1,1,0.9211,1,True Positive,4,Survived,Survived
418,1,1,0.8465,1,True Positive,4,Survived,Survived
419,0,0,0.1542,1,True Negative,1,Died,Died
420,0,0,0.3864,1,True Negative,1,Died,Died
421,0,0,0.1287,1,True Negative,1,Died,Died
422,0,0,0.1174,1,True Negative,1,Died,Died
423,0,0,0.1195,1,True Negative,1,Died,Died
424,0,0,0.3825,1,True Negative,1,Died,Died
425,0,0,0.0847,1,True Negative,1,Died,Died
426,0,0,0.1133,1,True Negative,1,Died,Died
427,1,1,0.8915,1,True Positive,4,Survived,Survived
428,1,1,0.865,1,True Positive,4,Survived,Survived
429,0,0,0.115,1,True Negative,1,Died,Died
430,1,0,0.1317,0,False Negative,3,Survived,Died
431,1,0,0.3222,0,False Negative,3,Survived,Died
432,1,0,0.3152,0,False Negative,3,Survived,Died
433,1,1,0.8855,1,True Positive,4,Survived,Survived
434,0,0,0.1138,1,True Negative,1,Died,Died
435,0,0,0.3486,1,True Negative,1,Died,Died
436,1,1,0.9314,1,True Positive,4,Survived,Survived
437,0,0,0.1764,1,True Negative,1,Died,Died
438,1,1,0.8458,1,True Positive,4,Survived,Survived
439,0,0,0.3137,1,True Negative,1,Died,Died
440,0,0,0.1322,1,True Negative,1,Died,Died
441,1,1,0.8655,1,True Positive,4,Survived,Survived
442,0,0,0.13,1,True Negative,1,Died,Died
443,0,0,0.134,1,True Negative,1,Died,Died
444,1,1,0.8239,1,True Positive,4,Survived,Survived
445,1,0,0.1341,0,False Negative,3,Survived,Died
446,1,1,0.8527,1,True Positive,4,Survived,Survived
447,1,1,0.9193,1,True Positive,4,Survived,Survived
448,1,0,0.2689,0,False Negative,3,Survived,Died
449,1,1,0.8236,1,True Positive,4,Survived,Survived
450,1,0,0.3998,0,False Negative,3,Survived,Died
451,0,0,0.1907,1,True Negative,1,Died,Died
452,0,0,0.0854,1,True Negative,1,Died,Died
453,0,0,0.3546,1,True Negative,1,Died,Died
454,1,0,0.2933,0,False Negative,3,Survived,Died
455,0,0,0.1393,1,True Negative,1,Died,Died
456,1,0,0.1246,0,False Negative,3,Survived,Died
457,0,0,0.2668,1,True Negative,1,Died,Died
458,1,1,0.942,1,True Positive,4,Survived,Survived
459,1,1,0.8435,1,True Positive,4,Survived,Survived
460,0,0,0.0986,1,True Negative,1,Died,Died
461,1,0,0.3016,0,False Negative,3,Survived,Died
462,0,0,0.1087,1,True Negative,1,Died,Died
463,0,0,0.3466,1,True Negative,1,Died,Died
464,0,0,0.1388,1,True Negative,1,Died,Died
465,0,0,0.1317,1,True Negative,1,Died,Died
466,0,0,0.1195,1,True Negative,1,Died,Died
467,0,0,0.1106,1,True Negative,1,Died,Died
468,0,0,0.2516,1,True Negative,1,Died,Died
469,0,0,0.1291,1,True Negative,1,Died,Died
470,1,1,0.8242,1,True Positive,4,Survived,Survived
471,0,0,0.1144,1,True Negative,1,Died,Died
472,0,0,0.1178,1,True Negative,1,Died,Died
473,1,1,0.8657,1,True Positive,4,Survived,Survived
474,1,1,0.8583,1,True Positive,4,Survived,Survived
475,0,1,0.6382,0,False Positive,2,Died,Survived
476,0,0,0.2811,1,True Negative,1,Died,Died
477,0,0,0.1702,1,True Negative,1,Died,Died
478,0,0,0.1407,1,True Negative,1,Died,Died
479,0,0,0.1144,1,True Negative,1,Died,Died
480,1,1,0.6801,1,True Positive,4,Survived,Survived
481,0,0,0.1208,1,True Negative,1,Died,Died
482,0,0,0.1242,1,True Negative,1,Died,Died
483,0,0,0.1341,1,True Negative,1,Died,Died
484,1,1,0.6093,1,True Positive,4,Survived,Survived
485,1,0,0.3764,0,False Negative,3,Survived,Died
486,0,0,0.1499,1,True Negative,1,Died,Died
487,1,1,0.9181,1,True Positive,4,Survived,Survived
488,0,0,0.2937,1,True Negative,1,Died,Died
489,0,0,0.1317,1,True Negative,1,Died,Died
490,1,1,0.7262,1,True Positive,4,Survived,Survived
491,0,0,0.1194,1,True Negative,1,Died,Died
492,0,0,0.1133,1,True Negative,1,Died,Died
493,0,0,0.2516,1,True Negative,1,Died,Died
494,0,0,0.2977,1,True Negative,1,Died,Died
495,0,0,0.13,1,True Negative,1,Died,Died
496,0,0,0.1889,1,True Negative,1,Died,Died
497,1,1,0.911,1,True Positive,4,Survived,Survived
498,0,0,0.1737,1,True Negative,1,Died,Died
499,0,1,0.9511,0,False Positive,2,Died,Survived
500,0,0,0.1195,1,True Negative,1,Died,Died
501,0,0,0.107,1,True Negative,1,Died,Died
502,0,1,0.7283,0,False Positive,2,Died,Survived
503,0,1,0.6925,0,False Positive,2,Died,Survived
504,0,1,0.6497,0,False Positive,2,Died,Survived
505,1,1,0.9246,1,True Positive,4,Survived,Survived
506,0,0,0.3887,1,True Negative,1,Died,Died
507,1,1,0.8876,1,True Positive,4,Survived,Survived
508,1,0,0.3222,0,False Negative,3,Survived,Died
509,0,0,0.1837,1,True Negative,1,Died,Died
510,1,0,0.2263,0,False Negative,3,Survived,Died
511,1,0,0.0863,0,False Negative,3,Survived,Died
512,0,0,0.1087,1,True Negative,1,Died,Died
513,1,0,0.2689,0,False Negative,3,Survived,Died
514,1,1,0.9541,1,True Positive,4,Survived,Survived
515,0,0,0.0913,1,True Negative,1,Died,Died
516,0,0,0.3466,1,True Negative,1,Died,Died
517,1,1,0.8483,1,True Positive,4,Survived,Survived
518,0,0,0.1809,1,True Negative,1,Died,Died
519,1,1,0.8853,1,True Positive,4,Survived,Survived
520,0,0,0.1144,1,True Negative,1,Died,Died
521,1,1,0.9219,1,True Positive,4,Survived,Survived
522,0,0,0.1195,1,True Negative,1,Died,Died
523,0,0,0.1334,1,True Negative,1,Died,Died
524,1,1,0.9299,1,True Positive,4,Survived,Survived
525,0,0,0.1261,1,True Negative,1,Died,Died
526,0,0,0.1291,1,True Negative,1,Died,Died
527,1,1,0.8061,1,True Positive,4,Survived,Survived
528,0,0,0.3327,1,True Negative,1,Died,Died
529,0,0,0.1341,1,True Negative,1,Died,Died
530,0,0,0.1646,1,True Negative,1,Died,Died
531,1,1,0.8962,1,True Positive,4,Survived,Survived
532,0,0,0.1287,1,True Negative,1,Died,Died
533,0,0,0.0902,1,True Negative,1,Died,Died
534,1,1,0.7672,1,True Positive,4,Survived,Survived
535,0,0,0.3761,1,True Negative,1,Died,Died
536,1,1,0.8977,1,True Positive,4,Survived,Survived
537,0,0,0.4228,1,True Negative,1,Died,Died
538,1,1,0.9474,1,True Positive,4,Survived,Survived
539,0,0,0.143,1,True Negative,1,Died,Died
540,1,1,0.9255,1,True Positive,4,Survived,Survived
541,1,1,0.852,1,True Positive,4,Survived,Survived
542,0,0,0.1097,1,True Negative,1,Died,Died
543,0,0,0.1097,1,True Negative,1,Died,Died
544,1,0,0.1687,0,False Negative,3,Survived,Died
545,0,0,0.385,1,True Negative,1,Died,Died
546,0,0,0.3134,1,True Negative,1,Died,Died
547,1,1,0.9057,1,True Positive,4,Survived,Survived
548,1,0,0.129,0,False Negative,3,Survived,Died
549,0,0,0.1862,1,True Negative,1,Died,Died
550,1,1,0.7433,1,True Positive,4,Survived,Survived
551,1,0,0.3425,0,False Negative,3,Survived,Died
552,0,0,0.1686,1,True Negative,1,Died,Died
553,0,0,0.1174,1,True Negative,1,Died,Died
554,1,0,0.1334,0,False Negative,3,Survived,Died
555,1,1,0.6119,1,True Positive,4,Survived,Survived
556,0,0,0.2995,1,True Negative,1,Died,Died
557,1,1,0.8719,1,True Positive,4,Survived,Survived
558,0,0,0.3623,1,True Negative,1,Died,Died
559,1,1,0.9151,1,True Positive,4,Survived,Survived
560,1,1,0.6722,1,True Positive,4,Survived,Survived
561,0,0,0.1291,1,True Negative,1,Died,Died
562,0,0,0.0895,1,True Negative,1,Died,Died
563,0,0,0.1542,1,True Negative,1,Died,Died
564,0,0,0.1317,1,True Negative,1,Died,Died
565,0,1,0.6497,0,False Positive,2,Died,Survived
566,0,0,0.1457,1,True Negative,1,Died,Died
567,0,0,0.1136,1,True Negative,1,Died,Died
568,0,0,0.1537,1,True Negative,1,Died,Died
569,0,0,0.1334,1,True Negative,1,Died,Died
570,1,0,0.0895,0,False Negative,3,Survived,Died
571,1,0,0.0863,0,False Negative,3,Survived,Died
572,1,1,0.9426,1,True Positive,4,Survived,Survived
573,1,0,0.2689,0,False Negative,3,Survived,Died
574,1,1,0.7396,1,True Positive,4,Survived,Survived
575,0,0,0.1174,1,True Negative,1,Died,Died
576,0,0,0.1837,1,True Negative,1,Died,Died
577,1,1,0.7988,1,True Positive,4,Survived,Survived
578,1,1,0.8296,1,True Positive,4,Survived,Survived
579,0,1,0.7522,0,False Positive,2,Died,Survived
580,1,0,0.1087,0,False Negative,3,Survived,Died
581,1,1,0.8843,1,True Positive,4,Survived,Survived
582,1,1,0.9462,1,True Positive,4,Survived,Survived
583,0,0,0.1586,1,True Negative,1,Died,Died
584,0,0,0.3354,1,True Negative,1,Died,Died
585,0,0,0.1443,1,True Negative,1,Died,Died
586,1,1,0.9094,1,True Positive,4,Survived,Survived
587,0,0,0.1686,1,True Negative,1,Died,Died
588,1,0,0.2047,0,False Negative,3,Survived,Died
589,0,0,0.1341,1,True Negative,1,Died,Died
590,0,0,0.1393,1,True Negative,1,Died,Died
591,0,0,0.1133,1,True Negative,1,Died,Died
592,1,1,0.9336,1,True Positive,4,Survived,Survived
593,0,0,0.1195,1,True Negative,1,Died,Died
594,0,1,0.7199,0,False Positive,2,Died,Survived
595,0,0,0.1731,1,True Negative,1,Died,Died
596,0,0,0.0867,1,True Negative,1,Died,Died
597,1,1,0.9125,1,True Positive,4,Survived,Survived
598,0,0,0.0913,1,True Negative,1,Died,Died
599,0,0,0.1261,1,True Negative,1,Died,Died
600,1,1,0.501,1,True Positive,4,Survived,Survived
601,1,1,0.7125,1,True Positive,4,Survived,Survived
602,0,0,0.1144,1,True Negative,1,Died,Died
603,0,0,0.3466,1,True Negative,1,Died,Died
604,0,0,0.1393,1,True Negative,1,Died,Died
605,1,0,0.2914,0,False Negative,3,Survived,Died
606,0,0,0.1566,1,True Negative,1,Died,Died
607,0,0,0.1195,1,True Negative,1,Died,Died
608,1,0,0.3016,0,False Negative,3,Survived,Died
609,1,1,0.9455,1,True Positive,4,Survived,Survived
610,1,1,0.9219,1,True Positive,4,Survived,Survived
611,0,0,0.1381,1,True Negative,1,Died,Died
612,0,0,0.1195,1,True Negative,1,Died,Died
613,1,1,0.815,1,True Positive,4,Survived,Survived
614,0,0,0.1291,1,True Negative,1,Died,Died
615,0,0,0.13,1,True Negative,1,Died,Died
616,1,1,0.8994,1,True Positive,4,Survived,Survived
617,0,0,0.0764,1,True Negative,1,Died,Died
618,0,0,0.4057,1,True Negative,1,Died,Died
619,1,1,0.8998,1,True Positive,4,Survived,Survived
620,0,0,0.1322,1,True Negative,1,Died,Died
621,0,0,0.2243,1,True Negative,1,Died,Died
622,1,0,0.2434,0,False Negative,3,Survived,Died
623,1,0,0.1689,0,False Negative,3,Survived,Died
624,0,0,0.0803,1,True Negative,1,Died,Died
625,0,0,0.186,1,True Negative,1,Died,Died
626,0,0,0.2494,1,True Negative,1,Died,Died
627,0,0,0.349,1,True Negative,1,Died,Died
628,1,1,0.9219,1,True Positive,4,Survived,Survived
629,0,0,0.1136,1,True Negative,1,Died,Died
630,0,0,0.1174,1,True Negative,1,Died,Died
631,1,0,0.2516,0,False Negative,3,Survived,Died
632,0,0,0.1102,1,True Negative,1,Died,Died
633,1,0,0.4552,0,False Negative,3,Survived,Died
634,0,0,0.208,1,True Negative,1,Died,Died
635,0,0,0.1236,1,True Negative,1,Died,Died
636,1,1,0.7988,1,True Positive,4,Survived,Survived
637,0,0,0.1087,1,True Negative,1,Died,Died
638,0,0,0.1786,1,True Negative,1,Died,Died
639,0,0,0.1636,1,True Negative,1,Died,Died
640,0,0,0.1657,1,True Negative,1,Died,Died
641,0,0,0.0904,1,True Negative,1,Died,Died
642,1,1,0.9474,1,True Positive,4,Survived,Survived
643,0,0,0.1164,1,True Negative,1,Died,Died
644,1,0,0.1592,0,False Negative,3,Survived,Died
645,1,1,0.7627,1,True Positive,4,Survived,Survived
646,1,0,0.4303,0,False Negative,3,Survived,Died
647,0,0,0.1144,1,True Negative,1,Died,Died
648,1,1,0.5422,1,True Positive,4,Survived,Survived
649,0,0,0.0895,1,True Negative,1,Died,Died
650,1,1,0.6307,1,True Positive,4,Survived,Survived
651,0,0,0.1144,1,True Negative,1,Died,Died
652,1,1,0.9193,1,True Positive,4,Survived,Survived
653,0,0,0.1393,1,True Negative,1,Died,Died
654,1,1,0.6925,1,True Positive,4,Survived,Survived
655,0,1,0.6664,0,False Positive,2,Died,Survived
656,0,0,0.1883,1,True Negative,1,Died,Died
657,0,0,0.1144,1,True Negative,1,Died,Died
658,0,0,0.4734,1,True Negative,1,Died,Died
659,0,0,0.1388,1,True Negative,1,Died,Died
660,0,0,0.397,1,True Negative,1,Died,Died
661,1,0,0.4786,0,False Negative,3,Survived,Died
662,0,0,0.1261,1,True Negative,1,Died,Died
663,0,0,0.3222,1,True Negative,1,Died,Died
664,0,0,0.0803,1,True Negative,1,Died,Died
665,1,0,0.1082,0,False Negative,3,Survived,Died
666,0,0,0.1535,1,True Negative,1,Died,Died
667,0,0,0.1383,1,True Negative,1,Died,Died
668,0,0,0.1133,1,True Negative,1,Died,Died
669,0,0,0.13,1,True Negative,1,Died,Died
670,1,1,0.9181,1,True Positive,4,Survived,Survived
671,1,1,0.7395,1,True Positive,4,Survived,Survived
672,0,0,0.3418,1,True Negative,1,Died,Died
673,0,0,0.1273,1,True Negative,1,Died,Died
674,1,0,0.1383,0,False Negative,3,Survived,Died
675,0,0,0.0973,1,True Negative,1,Died,Died
676,0,0,0.1106,1,True Negative,1,Died,Died
677,0,0,0.13,1,True Negative,1,Died,Died
678,1,1,0.6455,1,True Positive,4,Survived,Survived
679,0,0,0.2029,1,True Negative,1,Died,Died
680,1,0,0.2618,0,False Negative,3,Survived,Died
681,0,1,0.6707,0,False Positive,2,Died,Survived
682,1,0,0.3492,0,False Negative,3,Survived,Died
683,0,0,0.1317,1,True Negative,1,Died,Died
684,0,0,0.0905,1,True Negative,1,Died,Died
685,0,0,0.2131,1,True Negative,1,Died,Died
686,0,0,0.2236,1,True Negative,1,Died,Died
687,0,0,0.0823,1,True Negative,1,Died,Died
688,0,0,0.13,1,True Negative,1,Died,Died
689,0,0,0.0989,1,True Negative,1,Died,Died
690,1,1,0.9039,1,True Positive,4,Survived,Survived
691,1,0,0.2735,0,False Negative,3,Survived,Died
692,1,1,0.6678,1,True Positive,4,Survived,Survived
693,1,0,0.1222,0,False Negative,3,Survived,Died
694,0,0,0.1261,1,True Negative,1,Died,Died
695,0,0,0.4494,1,True Negative,1,Died,Died
696,0,0,0.117,1,True Negative,1,Died,Died
697,0,0,0.1317,1,True Negative,1,Died,Died
698,1,1,0.7283,1,True Positive,4,Survived,Survived
699,0,0,0.3759,1,True Negative,1,Died,Died
700,0,0,0.1133,1,True Negative,1,Died,Died
701,1,1,0.9535,1,True Positive,4,Survived,Survived
702,1,0,0.3016,0,False Negative,3,Survived,Died
703,0,0,0.3993,1,True Negative,1,Died,Died
704,0,0,0.1174,1,True Negative,1,Died,Died
705,0,0,0.0822,1,True Negative,1,Died,Died
706,0,0,0.2001,1,True Negative,1,Died,Died
707,1,1,0.8526,1,True Positive,4,Survived,Survived
708,1,0,0.2689,0,False Negative,3,Survived,Died
709,1,1,0.9219,1,True Positive,4,Survived,Survived
710,1,1,0.5679,1,True Positive,4,Survived,Survived
711,1,1,0.9273,1,True Positive,4,Survived,Survived
712,0,0,0.3526,1,True Negative,1,Died,Died
713,1,0,0.3527,0,False Negative,3,Survived,Died
714,0,0,0.13,1,True Negative,1,Died,Died
715,0,0,0.1424,1,True Negative,1,Died,Died
716,0,0,0.0895,1,True Negative,1,Died,Died
717,1,1,0.9345,1,True Positive,4,Survived,Survived
718,1,1,0.7988,1,True Positive,4,Survived,Survived
719,0,0,0.1903,1,True Negative,1,Died,Died
720,0,0,0.1136,1,True Negative,1,Died,Died
721,1,1,0.7189,1,True Positive,4,Survived,Survived
722,0,0,0.1052,1,True Negative,1,Died,Died
723,0,0,0.1232,1,True Negative,1,Died,Died
724,0,0,0.1232,1,True Negative,1,Died,Died
725,1,0,0.3527,0,False Negative,3,Survived,Died
726,0,0,0.0882,1,True Negative,1,Died,Died
727,1,1,0.7492,1,True Positive,4,Survived,Survived
728,1,1,0.6489,1,True Positive,4,Survived,Survived
729,0,0,0.1497,1,True Negative,1,Died,Died
730,0,1,0.6849,0,False Positive,2,Died,Survived
731,1,1,0.9057,1,True Positive,4,Survived,Survived
732,0,0,0.232,1,True Negative,1,Died,Died
733,0,0,0.1134,1,True Negative,1,Died,Died
734,0,0,0.1232,1,True Negative,1,Died,Died
735,0,0,0.1542,1,True Negative,1,Died,Died
736,0,0,0.143,1,True Negative,1,Died,Died
737,0,0,0.1881,1,True Negative,1,Died,Died
738,1,0,0.3354,0,False Negative,3,Survived,Died
739,0,0,0.1136,1,True Negative,1,Died,Died
740,0,0,0.0895,1,True Negative,1,Died,Died
741,1,0,0.3222,0,False Negative,3,Survived,Died
742,0,0,0.3814,1,True Negative,1,Died,Died
743,1,1,0.9253,1,True Positive,4,Survived,Survived
744,0,0,0.1294,1,True Negative,1,Died,Died
745,1,0,0.13,0,False Negative,3,Survived,Died
746,0,1,0.5077,0,False Positive,2,Died,Survived
747,0,0,0.1762,1,True Negative,1,Died,Died
748,1,1,0.8435,1,True Positive,4,Survived,Survived
749,0,0,0.2434,1,True Negative,1,Died,Died
750,0,0,0.0986,1,True Negative,1,Died,Died
751,1,1,0.8889,1,True Positive,4,Survived,Survived
752,1,1,0.7521,1,True Positive,4,Survived,Survived
753,0,0,0.1317,1,True Negative,1,Died,Died
754,0,0,0.1195,1,True Negative,1,Died,Died
755,1,1,0.907,1,True Positive,4,Survived,Survived
756,1,1,0.7927,1,True Positive,4,Survived,Survived
757,0,0,0.1144,1,True Negative,1,Died,Died
758,0,0,0.1323,1,True Negative,1,Died,Died
759,0,0,0.13,1,True Negative,1,Died,Died
760,1,1,0.8374,1,True Positive,4,Survived,Survived
761,0,0,0.1737,1,True Negative,1,Died,Died
762,0,0,0.1195,1,True Negative,1,Died,Died
763,1,0,0.1261,0,False Negative,3,Survived,Died
764,1,1,0.8949,1,True Positive,4,Survived,Survived
765,0,0,0.1138,1,True Negative,1,Died,Died
766,1,1,0.9095,1,True Positive,4,Survived,Survived
767,0,1,0.5716,0,False Positive,2,Died,Survived
768,0,1,0.7283,0,False Positive,2,Died,Survived
769,0,0,0.2175,1,True Negative,1,Died,Died
770,0,0,0.1341,1,True Negative,1,Died,Died
771,0,0,0.1341,1,True Negative,1,Died,Died
772,0,0,0.0641,1,True Negative,1,Died,Died
773,0,1,0.7888,0,False Positive,2,Died,Survived
774,0,0,0.1261,1,True Negative,1,Died,Died
775,1,1,0.868,1,True Positive,4,Survived,Survived
776,0,0,0.0989,1,True Negative,1,Died,Died
777,0,0,0.1291,1,True Negative,1,Died,Died
778,1,1,0.6135,1,True Positive,4,Survived,Survived
779,0,0,0.0986,1,True Negative,1,Died,Died
780,1,1,0.925,1,True Positive,4,Survived,Survived
781,1,1,0.6731,1,True Positive,4,Survived,Survived
782,1,1,0.9499,1,True Positive,4,Survived,Survived
783,0,0,0.3222,1,True Negative,1,Died,Died
784,0,0,0.0784,1,True Negative,1,Died,Died
785,0,0,0.0803,1,True Negative,1,Died,Died
786,0,0,0.0895,1,True Negative,1,Died,Died
787,1,1,0.6142,1,True Positive,4,Survived,Survived
788,0,0,0.1135,1,True Negative,1,Died,Died
789,1,0,0.3503,0,False Negative,3,Survived,Died
790,0,0,0.3623,1,True Negative,1,Died,Died
791,0,0,0.115,1,True Negative,1,Died,Died
792,0,0,0.1811,1,True Negative,1,Died,Died
793,0,0,0.1627,1,True Negative,1,Died,Died
794,0,0,0.3301,1,True Negative,1,Died,Died
795,0,0,0.1144,1,True Negative,1,Died,Died
796,0,0,0.1388,1,True Negative,1,Died,Died
797,1,1,0.79,1,True Positive,4,Survived,Survived
798,1,1,0.6063,1,True Positive,4,Survived,Survived
799,0,0,0.1261,1,True Negative,1,Died,Died
800,0,0,0.3611,1,True Negative,1,Died,Died
801,0,0,0.1232,1,True Negative,1,Died,Died
802,1,1,0.8655,1,True Positive,4,Survived,Survived
803,1,1,0.7689,1,True Positive,4,Survived,Survived
804,1,1,0.6056,1,True Positive,4,Survived,Survived
805,1,0,0.1195,0,False Negative,3,Survived,Died
806,0,0,0.0895,1,True Negative,1,Died,Died
807,0,0,0.1866,1,True Negative,1,Died,Died
808,0,1,0.6639,0,False Positive,2,Died,Survived
809,0,0,0.1383,1,True Negative,1,Died,Died
810,1,1,0.9453,1,True Positive,4,Survived,Survived
811,0,0,0.1136,1,True Negative,1,Died,Died
812,0,0,0.186,1,True Negative,1,Died,Died
813,0,0,0.1383,1,True Negative,1,Died,Died
814,0,0,0.1097,1,True Negative,1,Died,Died
815,0,0,0.13,1,True Negative,1,Died,Died
816,0,0,0.2158,1,True Negative,1,Died,Died
817,0,1,0.6497,0,False Positive,2,Died,Survived
818,0,0,0.2559,1,True Negative,1,Died,Died
819,0,0,0.1195,1,True Negative,1,Died,Died
820,0,0,0.1146,1,True Negative,1,Died,Died
821,1,1,0.9309,1,True Positive,4,Survived,Survived
822,1,0,0.1317,0,False Negative,3,Survived,Died
823,0,0,0.3896,1,True Negative,1,Died,Died
824,1,1,0.6969,1,True Positive,4,Survived,Survived
825,0,0,0.1533,1,True Negative,1,Died,Died
826,0,0,0.1291,1,True Negative,1,Died,Died
827,0,0,0.201,1,True Negative,1,Died,Died
828,1,1,0.6693,1,True Positive,4,Survived,Survived
829,1,0,0.0986,0,False Negative,3,Survived,Died
830,1,1,0.8903,1,True Positive,4,Survived,Survived
831,1,0,0.4058,0,False Negative,3,Survived,Died
832,1,1,0.8377,1,True Positive,4,Survived,Survived
833,0,0,0.0931,1,True Negative,1,Died,Died
834,0,0,0.0895,1,True Negative,1,Died,Died
835,0,0,0.115,1,True Negative,1,Died,Died
836,1,1,0.9344,1,True Positive,4,Survived,Survived
837,0,0,0.1341,1,True Negative,1,Died,Died
838,0,0,0.1341,1,True Negative,1,Died,Died
839,1,0,0.1592,0,False Negative,3,Survived,Died
840,1,0,0.3546,0,False Negative,3,Survived,Died
841,0,0,0.1317,1,True Negative,1,Died,Died
842,0,0,0.1285,1,True Negative,1,Died,Died
843,1,1,0.8748,1,True Positive,4,Survived,Survived
844,0,0,0.1246,1,True Negative,1,Died,Died
845,0,0,0.1359,1,True Negative,1,Died,Died
846,0,0,0.1195,1,True Negative,1,Died,Died
847,0,0,0.0815,1,True Negative,1,Died,Died
848,0,0,0.1334,1,True Negative,1,Died,Died
849,0,0,0.4902,1,True Negative,1,Died,Died
850,1,1,0.9469,1,True Positive,4,Survived,Survived
851,0,0,0.1745,1,True Negative,1,Died,Died
852,0,0,0.1112,1,True Negative,1,Died,Died
853,0,0,0.392,1,True Negative,1,Died,Died
854,1,1,0.9039,1,True Positive,4,Survived,Survived
855,0,1,0.8161,0,False Positive,2,Died,Survived
856,1,1,0.6365,1,True Positive,4,Survived,Survived
857,1,1,0.9236,1,True Positive,4,Survived,Survived
858,1,0,0.2516,0,False Negative,3,Survived,Died
859,1,1,0.7748,1,True Positive,4,Survived,Survived
860,0,0,0.1261,1,True Negative,1,Died,Died
861,0,0,0.1284,1,True Negative,1,Died,Died
862,0,0,0.1285,1,True Negative,1,Died,Died
863,1,1,0.8873,1,True Positive,4,Survived,Survived
864,0,0,0.1349,1,True Negative,1,Died,Died
865,0,0,0.1322,1,True Negative,1,Died,Died
866,1,1,0.8285,1,True Positive,4,Survived,Survived
867,1,1,0.8373,1,True Positive,4,Survived,Survived
868,0,0,0.3011,1,True Negative,1,Died,Died
869,0,0,0.1341,1,True Negative,1,Died,Died
870,1,1,0.797,1,True Positive,4,Survived,Survived
871,0,0,0.1195,1,True Negative,1,Died,Died
872,1,1,0.9485,1,True Positive,4,Survived,Survived
873,0,0,0.1837,1,True Negative,1,Died,Died
874,0,0,0.1317,1,True Negative,1,Died,Died
875,1,1,0.7808,1,True Positive,4,Survived,Survived
876,1,1,0.6345,1,True Positive,4,Survived,Survived
877,0,0,0.1393,1,True Negative,1,Died,Died
878,0,0,0.0913,1,True Negative,1,Died,Died
879,0,0,0.1144,1,True Negative,1,Died,Died
880,1,1,0.9414,1,True Positive,4,Survived,Survived
881,1,1,0.8855,1,True Positive,4,Survived,Survived
882,0,0,0.1195,1,True Negative,1,Died,Died
883,0,1,0.6509,0,False Positive,2,Died,Survived
884,0,0,0.1388,1,True Negative,1,Died,Died
885,0,0,0.1144,1,True Negative,1,Died,Died
886,0,0,0.2435,1,True Negative,1,Died,Died
887,0,0,0.3626,1,True Negative,1,Died,Died
888,1,1,0.8925,1,True Positive,4,Survived,Survived
889,0,0,0.3556,1,True Negative,1,Died,Died
890,1,0,0.3301,0,False Negative,3,Survived,Died
891,0,0,0.0863,1,True Negative,1,Died,Died
